20260512183507	document_uploads
20260512234349	partner_fleet_plate_vin
20260517043559	run_crm_sync_complete
20260518000145	profiles_bootstrap
20260518000344	portals_entitlements
20260518000903	client_cases_rls
20260518004955	command_center_ventures
20260518012521	client_rental_hub_unified_ledger
20260518023226	ops_command
20260518025952	customer_intake_forms_e2e
20260518032846	cases_business_line
20260518033625	vehicles_and_booking_vehicle_id
20260518033643	vehicle_hub_ops_rls
20260518034955	client_updates_comms
20260518040112	0012_ghl_live_sync
20260518040726	0013_ghl_realtime
20260518044554	0014a_documents_stub_for_journey
20260518044709	client_journey_lifecycle_01_schema
20260518044733	client_journey_lifecycle_02_lto_ops
20260518044747	client_journey_lifecycle_04_seeds
20260518044806	client_journey_lifecycle_03_functions
20260518044825	client_journey_lifecycle_05_rls
20260518044826	journey_starter_entitlements
20260518050741	organizations_and_licenses
20260518051719	manager_discount_approval
20260518052038	admin_licenses_entitlement
20260518052148	supervisor_discount_approval
20260518052853	dealer_core
20260518052858	month2_billing_agency
20260518052900	agency_suspend_connect_onboarding
20260518061721	partner_revenue_split
20260518061732	partner_split_segment_rules
20260518062001	backfill_client_partner_splits
20260520054957	ecosystem_framework_modules
20260520055823	ghl_kpi_and_partner_verticals
20260520101203	0032_job_dispatch_hub
20260520112605	0033_dispatch_cases_case_type
20260522050337	enable_rls_organizations_vendors
20260522053819	load_operator_credit_curriculum
20260522054313	operator_pipeline_tracker_and_module1_assignments
20260524035148	auto_create_profile_for_new_auth_user
20260531014557	rescue_dispatch_core
20260531204716	fix_incident_assignments_v_security_invoker
20260603173047	0004_aixmos_ecosystem
20260603173121	0022_rental_pricing_insurance
20260603181926	dealer_fleet_retail
20260604005426	lock_program_tables_remove_anon_policies
20260604005806	funding_attribution_wire
20260604172433	0020_team_onboarding_entitlements
20260604212743	backfill_payment_lead_attribution
20260604214348	revoke_anon_execute_business_fns
20260604214441	revoke_anon_execute_business_fns_v2_from_public
20260604222008	revoke_anon_execute_identity_helpers
20260604222111	revoke_public_execute_identity_helpers
20260607021731	mission_control
20260607090344	harden_pin_function_search_path
20260607092125	revoke_anon_execute_on_security_definer_functions
20260609050119	credit_funding_sessions
20260609182714	moe_legacy_partner_referrals_ledger
20260609182913	partner_referrals_velocity_and_operator_attribution
20260609185936	operator_training_modules
20260609190421	operator_training_progress_and_certification
20260609190549	lockdown_operator_certification_grants
20260609205331	partner_fleet_plate_vin
20260609210409	vendor_portal_rls_policies
20260609213532	time_clock
20260609225306	counselor_layer_init
20260609230113	federation_consent_gate
20260609234329	federation_handoff_slack_trigger
20260609234350	harden_credit_funding_sessions_rls
20260609234816	federation_handoff_rpc
20260609235815	affiliate_scoreboard_game
20260610001604	b3_extend_organizations_for_agent
20260610001611	b3_extend_org_licenses_killswitch
20260610001621	b3_extend_incoming_leads_for_agent
20260610001633	b3_create_audit_events
20260610001644	b3_create_agent_conversations_messages
20260610171736	fix_locked_credit_program_table_rls_policies
20260610183913	moe_affiliate_ops_cockpit
20260610184006	moe_fn_search_path_hardening
20260610191848	license_audit_detector
20260611012202	lead_routing_engine_001
20260611012245	security_lock_notify_handoff_002
20260611012744	credit_crosssell_004
20260611012851	crosssell_and_view_fix_005b
20260611013055	operator_claim_and_book_006
20260611013830	lead_quality_gate_007
20260611014755	arm_kill_switch_008
20260611014829	arm_kill_switch_008b_fix
20260611015818	operator_affiliate_network_009
20260611020013	affiliate_network_align_operators_010
20260611023556	operator_provisioning_va_011
20260611024620	finishing_touches_012
20260611024628	enable_cron_rebalance_013
20260611024715	views_security_invoker_014
20260611220049	arm_operator_enforcement_shadow_mode
20260611220132	fix_operator_checkin_unknown_org_logging
20260611221419	operator_provision_one_time_install_token
20260611222856	harden_enforcement_lock_down_public_access
20260611224303	mint_install_token_admin_only
20260613042756	harden_tenant_isolation_phase1
20260613043122	guardian_scan_detector
20260616011309	memory_fabric
20260616014155	harden_search_path_agent_open_load_pick_idle_closer
20260616014242	operator_360_evaluation_view
20260616020538	quo_support_dispatch
20260616022031	work_routing
20260616023602	installation_licensing
20260616025249	comm_channels
20260616033335	multitenant_hardening
20260616034105	org_scoped_reads
20260616044656	money_command_bills
20260616214441	lock_definer_rpcs
20260617001906	hailmary_license_table
20260617031912	tenant_scope_core_tables
20260617185301	org_scope_catalog_listings
20260617191615	secure_operator_watchtower_view
20260617192222	tenant_scope_referrals_and_pricing
20260618175724	index_org_id_hot_path
20260618194213	team_onboarding_intake
20260618222950	onboard_org_member_bridge
20260619003248	harden_secdef_rpc_revoke_public_anon
20260619010125	lock_install_rpc_anon
20260619014947	dealer_applications_intake
20260619025259	lock_install_rpc_anon
20260619025300	advisor_hardening_policies
20260619025325	operator_writes_org_default
20260619032245	tmmt_token_ledger
20260621225924	tonight_security_hardening
20260622002814	operation_overdrive_tenant
20260622040507	20260621000000_mesh_nodes
20260622181939	brain_local_embeddings
20260622181947	brain_reflect
20260622192810	garage
20260622224554	seed_mesh_nodes_watchtower_rick_brainiac
20260622224602	create_log_change_rpc_mesh_aware
20260622225121	rls_operator_revenue_splits_self_read
20260622225147	rls_client_billing_visibility
20260622225238	rls_vendor_self_register_and_update_jobs
20260622225614	create_normalize_phone_e164_fn
20260622225651	create_exec_va_tasks_queue
20260622225714	create_generate_va_tasks_fn
20260622230728	moe_legacy_001_portal_clients
20260622230748	moe_legacy_002_referral_attribution
20260622230759	moe_legacy_003_partners
20260627225952	operator_academy_lesson_content
20260627230207	operator_self_certify
20260630040307	fix_profile_delete_blocking_fks
20260701110035	close_commission_and_token_grant_authz_gap
20260701172958	cut_moe_legacy_soft_v1
20260706214941	v3_profiles_cols_20260706
20260707000923	provision_operator_full_kool_aid
20260707002634	provision_webhook_gate
20260707002820	operator_login_link_delivery
20260707013031	operator_cap_100_forever
20260707014120	seats_are_paid_operators_only
20260707030517	snapshot_customer_payments_20260706
20260707030553	create_v_collections_truth
20260707031010	lead_routing_ghl_to_intake_autoassign
20260707031430	grant_anon_execute_on_rls_helper_functions
20260707032804	lock_provisioning_rpc_and_pii_side_doors
20260709022321	aixmos_self_generating_edge_brief
20260709022709	bills_dashboard_view
20260716063338	org_scope_deals_parties_rls
20260716070247	harden_anon_insert_public_intake
20260716105012	v_prequalified_leads_with_compliance_gate
20260716105050	v_prequalified_leads_security_invoker
20260716105225	dnc_readable_so_gate_fails_closed
20260716105454	anon_least_privilege_on_lead_tables
20260716110618	eval_money_rails_readonly_guard_fn
20260716121504	outreach_engine_consent_book_and_touches
20260716121544	outreach_round_robin_assign
20260716121649	round_robin_hard_whitelist_lanes
20260716123043	call_sheet_dedupe_and_customer_scrub
20260718224547	money_meter
20260718224917	money_meter_lockdown
20260718230125	money_meter_summary
20260720014309	security_advisor_fixes_20260719
20260720014319	pin_search_path_fn_round_robin_assign
20260722204715	add_detail_line_data_model
20260722210640	leads_feed_rpc
20260722213859	leadnet_task_clock_and_digest
20260722220122	create_tmmt_token_ledger
20260820000104	people_form_spine
20260822211735	add_missing_rls_policies_20260822
20260824010349	eval_money_rails_statement_timeout_60s
20260825164813	optimize_eval_money_rails_single_view_scan
20260825202709	create_tasks
20260825202829	harden_tasks_set_updated_at_search_path
20260825220013	revoke_anon_execute_on_security_definer_functions
20260825220053	revoke_public_execute_on_leadnet_functions
20260825220843	revoke_authenticated_execute_on_trigger_functions
20260825221257	guard_tmmt_token_spend
20260825221526	guard_referral_chain_and_revoke_ops_functions
20260825221610	revoke_authenticated_exec_on_unguarded_definer_fns
20260825222235	restore_anon_intake_with_input_caps
20260825231504	fix_org_isolation
20260825231634	grant_platform_admin
20260825231715	allow_anon_org_default
20260825233426	restrict_bg_checks_and_payments_to_admin_with_staff_review_rpc
20260825235954	restrict_documents_and_insurance_to_admin
20260826002156	scope_external_roles_and_partner_rental_window
20260826002401	org_member_fallback_internal_roles_only
20260826003221	agent_spine_definitions_jobs_and_dispatch
20260826003248	agent_expense_categorizer
20260826004340	port_live_airtable_automations
20260826045749	routing_engine_programs_and_intake_events
20260826045839	routing_engine_capture_triggers_and_tail_agent
20260826045937	routing_engine_program_column_and_lane_map
20260826050111	routing_engine_no_signal_guard
20260826050151	routing_engine_drop_name_from_haystack
20260826050306	routing_engine_second_boilerplate_and_rental_status
20260826051045	routing_engine_contact_history_rules
20260826051524	lead_source_backfill_and_capture_ghl_attribution
20260827220232	acting_org_id_matches_is_org_member
20260827220311	organization_domains
20260831013917	signup_invites
20260831190848	agent_jobs_worker_rpc
20260831194910	dispute_engine_rls
20260831194920	program_documents
20260901175214	dispute_clients_out_of_localstorage
20260901184453	referrals_allow_khan_strategies
20260901185621	credit_intake_affiliate_ref
20260901213358	packages_price_columns
