"app","kind","route","methods","route_group","screen_or_endpoint","domain","audience_edge_middleware","guard_in_code","purpose","data_tables","rpcs","storage_or_api_calls","writer_service_role","rate_limit","states","nav_path","status","known_problems","file"
"canon","page","/affiliates","","admin","Affiliate payouts","Payments","owner,executive,operator,staff (rentals-desk rule)","layout: isStaffUser (owner+staff only)","Affiliate payout view computed from customer_payments (read-only)","","","","no","none","group loading.tsx; group error.tsx; empty-state text","Sidebar > Customers","EXISTING/PARTIAL","Computed view only; no payout action","src/app/(admin)/affiliates/page.tsx"
"canon","page","/background-checks","","admin","Background checks","Rentals/Bookings","owner,executive,operator,staff (rentals-desk rule)","layout: isStaffUser (owner+staff only)","BG-check queue (bg_check_queue RPC, masked flags) + decide (bg_check_decide) + decision trail","partner_referrals contracts","request_handoff","","yes","none","group loading.tsx; group error.tsx","Sidebar > Pipeline","EXISTING/WORKING","","src/app/(admin)/background-checks/page.tsx"
"canon","page","/bookings","","admin","Rental board","Rentals/Bookings","owner,executive,operator,staff (rentals-desk rule)","layout: isStaffUser (owner+staff only)","Availability board over vehicles/bookings + pricing rules; place hold, add vehicle","vehicles fleet bookings rental_pricing_rules rental_insurance_products","","","no","none","group loading.tsx; group error.tsx; empty-state text","Sidebar > Fleet","EXISTING/WORKING","Only screen writing `bookings`; parallel to legacy appointments/active_customers","src/app/(admin)/bookings/page.tsx"
"canon","page","/cases","","admin","Cases","Maintenance","owner,executive,operator,staff (rentals-desk rule)","layout: isStaffUser (owner+staff only)","Ops cases + vendor jobs + status history; ClickUp sync on intake/assign","cases vendor_jobs vendors vendor_job_updates vendor_files clickup_tasks people form_submissions","submit_customer_intake","","yes","none","group loading.tsx; group error.tsx","Sidebar > Workflow; hub","EXISTING/WORKING","Writes through service-role workflow-actions (isStaffUser gate in action)","src/app/(admin)/cases/page.tsx"
"canon","page","/credit-funding","","admin","Credit & funding sessions","Credit Center","owner,executive,operator,staff (rentals-desk rule)","layout: isStaffUser (owner+staff only)","credit_funding_sessions list (read-only)","","","","no","none","group loading.tsx; group error.tsx","Sidebar > Pipeline","EXISTING/PARTIAL","Read-only; no actions","src/app/(admin)/credit-funding/page.tsx"
"canon","page","/customers","","admin","Active customers","Rentals/Bookings","owner,executive,operator,staff (rentals-desk rule)","layout: isStaffUser (owner+staff only)","active_customers list/edit + contract docs","contracts","","","yes","none","group loading.tsx; group error.tsx","Sidebar > Customers; hub","LEGACY","active_customers is the Airtable-era rental record (no bookings spine behind it)","src/app/(admin)/customers/page.tsx"
"canon","page","/desk","","admin","Rentals desk dashboard","Analytics","owner,executive,operator,staff (rentals-desk rule)","layout: isStaffUser (owner+staff only)","Staff home: KPI counts + latest leads/tickets (getDashboardData)","","","","no","none","group loading.tsx; group error.tsx","post-login redirect only (homePathForTier staff/operator)","EXISTING/WORKING","ORPHANED from nav: Sidebar + hub ""Dashboard"" link to ""/"" which now renders the public front door (src/app/page.tsx), not /desk. Operator tier: homePathForTier(operator)=/desk but (admin) layout rejects non-staff and redirects to the same /desk -> redirect loop","src/app/(admin)/desk/page.tsx"
"canon","page","/do-not-rent","","admin","Do-not-rent list","Rentals/Bookings","owner,executive,operator,staff (rentals-desk rule)","layout: isStaffUser (owner+staff only)","do_not_rent_list list/edit","","","","no","none","group loading.tsx; group error.tsx","Sidebar > Customers","EXISTING/WORKING","","src/app/(admin)/do-not-rent/page.tsx"
"canon","page","/expenses","","admin","Expenses","Payments","owner,executive,operator,staff (rentals-desk rule)","layout: isStaffUser (owner+staff only)","expenses list/edit","","","","no","none","group loading.tsx; group error.tsx","Sidebar > Operations","EXISTING/WORKING","","src/app/(admin)/expenses/page.tsx"
"canon","page","/former-customers","","admin","Former customers","Rentals/Bookings","owner,executive,operator,staff (rentals-desk rule)","layout: isStaffUser (owner+staff only)","former_customers list/edit","","","","no","none","group loading.tsx; group error.tsx","Sidebar > Customers","LEGACY","Airtable-era table","src/app/(admin)/former-customers/page.tsx"
"canon","page","/inspections","","admin","Car inspections","Fleet","owner,executive,operator,staff (rentals-desk rule)","layout: isStaffUser (owner+staff only)","fleet_car_inspections list/edit","","","","no","none","group loading.tsx; group error.tsx","Sidebar > Fleet","EXISTING/WORKING","","src/app/(admin)/inspections/page.tsx"
"canon","page","/insurance","","admin","Insurance","Fleet","owner,executive,operator,staff (rentals-desk rule)","layout: isStaffUser (owner+staff only)","insurance list/edit (admin-only fields via isPlatformAdmin)","","","","no","none","group loading.tsx; group error.tsx","Sidebar > Fleet","EXISTING/WORKING","","src/app/(admin)/insurance/page.tsx"
"canon","page","/interfaces/appointments","","admin","Appointments interface","Rentals/Bookings","owner,executive,operator,staff (rentals-desk rule)","layout: isStaffUser (owner+staff only)","Appointments stats + add/edit via adminUpsert","","","","no","none","group loading.tsx; group error.tsx; empty-state text","Sidebar > Interfaces; hub ""Bookings & appointments""; /appointments redirect","EXISTING/WORKING","Appointments are the Airtable-era appointments table, separate from /bookings (bookings table)","src/app/(admin)/interfaces/appointments/page.tsx"
"canon","page","/interfaces/contracts","","admin","Contracts interface","Agreements/Documents","owner,executive,operator,staff (rentals-desk rule)","layout: isStaffUser (owner+staff only)","Contracts list/edit + document upload (document-actions, storage)","contracts","","","yes","none","group loading.tsx; group error.tsx; empty-state text","Sidebar > Interfaces; /contracts redirect","EXISTING/WORKING","No e-sign integration in code; documents are uploads only","src/app/(admin)/interfaces/contracts/page.tsx"
"canon","page","/interfaces/payments","","admin","Payments interface","Payments","owner,executive,operator,staff (rentals-desk rule)","layout: isStaffUser (owner+staff only)","Payment stats + manual payment records (customer_payments)","","","","no","none","group loading.tsx; group error.tsx; empty-state text","Sidebar > Interfaces; /payments redirect","EXISTING/PARTIAL","Manual ledger only; no processor charge/refund from this screen (Stripe only as per-tenant webhook)","src/app/(admin)/interfaces/payments/page.tsx"
"canon","page","/interfaces/vehicles","","admin","Vehicles interface","Fleet","owner,executive,operator,staff (rentals-desk rule)","layout: isStaffUser (owner+staff only)","Fleet stats + vehicle edit + maintenance","","","","no","none","group loading.tsx; group error.tsx; empty-state text","Sidebar > Interfaces; hub ""Fleet""; /fleet redirect","EXISTING/WORKING","Reads legacy `fleet` table while /bookings + /welcome read `vehicles` (two vehicle tables)","src/app/(admin)/interfaces/vehicles/page.tsx"
"canon","page","/leads","","admin","Incoming leads","CRM/Leads","owner,executive,operator,staff (rentals-desk rule)","layout: isStaffUser (owner+staff only)","incoming_leads list/edit + refer-to-partner (request_handoff)","","request_handoff","","no","none","group loading.tsx; group error.tsx","Sidebar > Pipeline; hub","EXISTING/WORKING","Client component on anon key; RLS is the only row gate","src/app/(admin)/leads/page.tsx"
"canon","page","/maintenance","","admin","Maintenance appointments","Maintenance","owner,executive,operator,staff (rentals-desk rule)","layout: isStaffUser (owner+staff only)","maintenance_appointments list/edit","","","","no","none","group loading.tsx; group error.tsx","Sidebar > Fleet; hub","EXISTING/WORKING","","src/app/(admin)/maintenance/page.tsx"
"canon","page","/money","","admin","Money Meter","Analytics","owner","layout: isStaffUser (owner+staff only)","Owner-only unified $ telemetry (money_meter_* RPCs + payments)","money_meter_events money_meter_accounts tmmt_token_balances","money_meter_record money_meter_summary money_meter_summary_by_category","","no","none","group loading.tsx; group error.tsx; empty-state text","Sidebar > Overview","EXISTING/WORKING","Shown in staff Sidebar but middleware bounces non-owners to their home (silent redirect)","src/app/(admin)/money/page.tsx"
"canon","page","/operation-costs","","admin","Software & tools","Admin/Integrations","owner,executive,operator,staff (rentals-desk rule)","layout: isStaffUser (owner+staff only)","operation_costs list/edit","","","","no","none","group loading.tsx; group error.tsx","Sidebar > Operations","EXISTING/WORKING","","src/app/(admin)/operation-costs/page.tsx"
"canon","page","/revenue","","admin","Revenue","Analytics","owner,executive,operator,staff (rentals-desk rule)","layout: isStaffUser (owner+staff only)","Revenue trend from customer_payments (read-only)","","","","no","none","group loading.tsx; group error.tsx; empty-state text","Sidebar > Overview","EXISTING/WORKING","Reads legacy customer_payments table (manual/Airtable-era records)","src/app/(admin)/revenue/page.tsx"
"canon","page","/scorecard","","admin","Team scorecard","Analytics","owner,executive,operator,staff (rentals-desk rule)","layout: isStaffUser (owner+staff only)","Team scorecard from time_clock_entries + payments","","","","no","none","group loading.tsx; group error.tsx; empty-state text","Sidebar > Team","EXISTING/WORKING","","src/app/(admin)/scorecard/page.tsx"
"canon","page","/tasks","","admin","To-do list","Admin/Integrations","owner,executive,operator,staff (rentals-desk rule)","layout: isStaffUser (owner+staff only)","tasks list/edit","","","","no","none","group loading.tsx; group error.tsx","Sidebar > Operations","EXISTING/WORKING","","src/app/(admin)/tasks/page.tsx"
"canon","page","/tickets","","admin","Tickets","Maintenance","owner,executive,operator,staff (rentals-desk rule)","layout: isStaffUser (owner+staff only)","tickets list/edit (issue reports)","","","","no","none","group loading.tsx; group error.tsx","Sidebar > Operations","EXISTING/WORKING","","src/app/(admin)/tickets/page.tsx"
"canon","page","/timesheets","","admin","Timesheets","Admin/Integrations","owner,executive,operator,staff (rentals-desk rule)","layout: isStaffUser (owner+staff only)","Time-clock entries review (read-only)","","","","no","none","group loading.tsx; group error.tsx; empty-state text","Sidebar > Team","EXISTING/WORKING","","src/app/(admin)/timesheets/page.tsx"
"canon","page","/va-queue","","admin","VA approval queue","Communications","owner,executive,operator,staff (rentals-desk rule)","layout: isStaffUser (owner+staff only)","exec_va_tasks approve/reject (service-role actions, requireStaff)","exec_va_tasks","","","yes","none","group loading.tsx; group error.tsx; empty-state text","Sidebar > Operations","EXISTING/WORKING","Approval here feeds /command/outbox staging; nothing sends","src/app/(admin)/va-queue/page.tsx"
"canon","page","/vendors","","admin","Vendors / shops","Maintenance","owner,vendor","layout: isStaffUser (owner+staff only)","Shops/mechanics/cleaning list (shops_mechanics_cleaning)","","","","no","none","group loading.tsx; group error.tsx","Sidebar > Operations","EXISTING/WORKING","Duplicate vendor concept vs /workflow-vendors","src/app/(admin)/vendors/page.tsx"
"canon","page","/waitlist","","admin","Waitlist","CRM/Leads","owner,executive,operator,staff (rentals-desk rule)","layout: isStaffUser (owner+staff only)","waitlist list/edit","","","","no","none","group loading.tsx; group error.tsx","Sidebar > Pipeline","EXISTING/WORKING","","src/app/(admin)/waitlist/page.tsx"
"canon","page","/workflow-vendors","","admin","Outside vendors","Maintenance","owner,executive,operator,staff (rentals-desk rule)","layout: isStaffUser (owner+staff only)","Third-party vendor pipeline (vendors table)","","","","no","none","group loading.tsx; group error.tsx","Sidebar > Workflow; hub","EXISTING/WORKING","Overlaps /vendors (shops_mechanics_cleaning) - two vendor lists","src/app/(admin)/workflow-vendors/page.tsx"
"canon","page","/login/forgot","","auth","Forgot password","Auth","public","none","Send reset email (PKCE)","","","","no","none","no loading.tsx; root error.tsx","link from /login","EXISTING/WORKING","","src/app/(auth)/login/forgot/page.tsx"
"canon","page","/login","","auth","Sign in","Auth","public","actions/page: getTierForUser+isStaffUser+is_platform_admin","Password sign-in + invite signup (signup_invites), durable rate limit","audit_events signup_invites","rate_limit_hit","","yes","durable","no loading.tsx; root error.tsx","middleware redirect target","EXISTING/WORKING","","src/app/(auth)/login/page.tsx"
"canon","page","/login/reset","","auth","Reset password","Auth","public","actions/page: getTierForUser+isStaffUser+is_platform_admin","Set new password after callback","","","","no","none","no loading.tsx; root error.tsx","via /api/auth/callback","EXISTING/WORKING","","src/app/(auth)/login/reset/page.tsx"
"canon","page","/no-access","","auth","No access","Auth","public","page: getUser + tier check","Landing for role-less (tier none) / non-owner on owner hub; sign-out; links /pocket","","","","no","none","no loading.tsx; root error.tsx; empty-state text","middleware redirect","EXISTING/WORKING","","src/app/(auth)/no-access/page.tsx"
"canon","page","/command/credit-dispute/import","","command","Dispute report import","Credit Center","owner","actions: requireOwner","Import MFSN / Dispute Fox reports into dispute_clients","dispute_clients","","","no","none","group loading.tsx; root error.tsx","link from /command/credit-dispute","EXISTING/PARTIAL","PII-heavy import; owner-only","src/app/(command)/command/credit-dispute/import/page.tsx"
"canon","page","/command/credit-dispute","","command","Credit dispute command","Credit Center","owner","actions: requireOwner","Dispute client list, grounds, letter persistence (legal-gated)","dispute_clients","","","no","none","group loading.tsx; root error.tsx; empty-state text","hub ""Credit dispute command""","EXISTING/PARTIAL","Letters gated; owner-only (requireOwner). See E5 for gate detail","src/app/(command)/command/credit-dispute/page.tsx"
"canon","page","/command/credit-dispute/[id]","","command","Dispute client detail","Credit Center","owner","actions: requireOwner","One dispute client + items/letters","dispute_clients","","","no","none","group loading.tsx; root error.tsx; empty-state text","link from list","EXISTING/BROKEN","Per E5: handleGenerate calls ungated runDisputeProtocol ([id]/page.tsx:9,40), skipping the accuracy policy","src/app/(command)/command/credit-dispute/[id]/page.tsx"
"canon","page","/command/desk","","command","Command desk","Communications","owner","none in page (edge only)","Owner voice/text command -> AI refine -> publish to exec VAs (ops_threads/ops_messages)","ops_threads ops_messages","","","no","none","group loading.tsx; root error.tsx","hub ""Command desk""","EXISTING/WORKING","Duplicates the exec/operator message feed concept","src/app/(command)/command/desk/page.tsx"
"canon","page","/command/handoffs","","command","Entity handoffs","CRM/Leads","owner","page: getUser + tier check","Cross-entity handoffs (v_federation_handoffs) + consent/accept RPCs","v_federation_handoffs","capture_handoff_consent accept_handoff","","no","none","group loading.tsx; root error.tsx","hub (TMMT-own tenants only)","EXISTING/WORKING","","src/app/(command)/command/handoffs/page.tsx"
"canon","page","/command/outbox","","command","Message outbox","Communications","owner","actions: requireOwner","Preview compliance gate + stage exec_va_tasks into automation_outbox (never sends)","exec_va_tasks automation_outbox","","","yes","none","group loading.tsx; root error.tsx; empty-state text","none (unlinked)","EXISTING/PARTIAL","ORPHANED from hub nav; no consumer of automation_outbox anywhere in repo - staged rows never drain","src/app/(command)/command/outbox/page.tsx"
"canon","page","/command","","command","Command hub","Admin/Integrations","owner","none in page (edge only)","Owner hub: tenant-aware link grid (commandHubSectionsFor)","","","","no","none","group loading.tsx; root error.tsx","owner home; PortalChrome ""Hub""","EXISTING/WORKING","Static navigation only","src/app/(command)/command/page.tsx"
"canon","page","/dispatch/incident/new","","command","New incident","Dispatch (rescue)","owner,executive,operator,staff (rentals-desk rule)","layout: isStaffUser OR any org_roles row","Create incident (next_dsp_ref_code, find_best_unit, assign_unit)","incidents units incident_assignments_v org_roles profiles incident_assignments assignment_overrides unit_locations org_responder_links","next_dsp_ref_code find_best_unit assign_unit lock_expired_assignments","","no","none","group loading.tsx; root error.tsx","button in cockpit","EXISTING/WORKING","","src/app/(command)/dispatch/incident/new/page.tsx"
"canon","page","/dispatch/incident/[id]","","command","Incident detail","Dispatch (rescue)","owner,executive,operator,staff (rentals-desk rule)","layout: isStaffUser OR any org_roles row","Incident detail + status transitions","incidents units incident_assignments_v org_roles","","","no","none","group loading.tsx; root error.tsx","from queue","EXISTING/WORKING","","src/app/(command)/dispatch/incident/[id]/page.tsx"
"canon","page","/dispatch/me","","command","My assignment (responder)","Dispatch (rescue)","owner,executive,operator,staff (rentals-desk rule)","layout: isStaffUser OR any org_roles row","Responder view of active assignment","incidents units incident_assignments_v org_roles profiles incident_assignments assignment_overrides unit_locations org_responder_links","next_dsp_ref_code find_best_unit assign_unit lock_expired_assignments","","no","none","group loading.tsx; root error.tsx","none (unlinked)","ORPHANED","No link in UI","src/app/(command)/dispatch/me/page.tsx"
"canon","page","/dispatch","","command","Dispatch cockpit","Dispatch (rescue)","owner,executive,operator,staff (rentals-desk rule)","layout: isStaffUser OR any org_roles row","Incident queue + map + override (incidents/units/assignments RPCs)","incidents units incident_assignments_v org_roles profiles incident_assignments assignment_overrides unit_locations org_responder_links","next_dsp_ref_code find_best_unit assign_unit lock_expired_assignments","","no","none","group loading.tsx; root error.tsx","Sidebar > Overview","EXISTING/WORKING","Different palette (zinc) + full-height layout; rescue vertical unrelated to rentals; non-staff path queries org_roles (E5 reports 42P17 recursion on prod, fails closed)","src/app/(command)/dispatch/page.tsx"
"canon","page","/dispatch/responders","","command","Responder links","Dispatch (rescue)","owner,executive,operator,staff (rentals-desk rule)","layout: isStaffUser OR any org_roles row","org_responder_links management","org_responder_links incidents units incident_assignments_v org_roles profiles incident_assignments assignment_overrides unit_locations","next_dsp_ref_code find_best_unit assign_unit lock_expired_assignments","","no","none","group loading.tsx; root error.tsx","none (unlinked)","ORPHANED","No link in UI","src/app/(command)/dispatch/responders/page.tsx"
"canon","page","/dispatch/units","","command","Units","Dispatch (rescue)","owner,executive,operator,staff (rentals-desk rule)","layout: isStaffUser OR any org_roles row","Units roster","incidents units incident_assignments_v org_roles profiles incident_assignments assignment_overrides unit_locations org_responder_links","next_dsp_ref_code find_best_unit assign_unit lock_expired_assignments","","no","none","group loading.tsx; root error.tsx","none (unlinked)","ORPHANED","No link in UI","src/app/(command)/dispatch/units/page.tsx"
"canon","page","/operators/onboard","","command","Onboard an operator","Dealer/Partner","owner","page: requireStaff/isStaffUser","onboard_org_member + domains/licenses","organization_domains organizations organization_licenses","onboard_org_member","","yes","none","group loading.tsx; root error.tsx","none (unlinked)","ORPHANED","No link from /operators","src/app/(command)/operators/onboard/page.tsx"
"canon","page","/operators","","command","Operators console","Dealer/Partner","owner","page: requireStaff/isStaffUser","Provision operator orgs under an agency; fund tokens (service-role, requireStaff)","organizations tmmt_token_balances","","","yes","none","group loading.tsx; root error.tsx","hub ""Operators""","EXISTING/WORKING","","src/app/(command)/operators/page.tsx"
"canon","page","/executive","","executive","Executive VA portal","Communications","owner,executive","actions/page: isOwnerUser+isExecutiveVaUser+isOperatorUser","Published owner commands; relay to operators (ops_messages)","ops_threads ops_messages","","","no","none","group loading.tsx; root error.tsx; empty-state text","hub ""Executive VA""; exec home","EXISTING/WORKING","","src/app/(executive)/executive/page.tsx"
"canon","page","/investor","","investor","Investor portal","Dealer/Partner","owner,investor(investor|partner)","page: getUser + tier check","investor_updates feed (read-only)","investor_updates","","","no","none","group loading.tsx; root error.tsx; empty-state text","investor home","EXISTING/WORKING","","src/app/(investor)/investor/page.tsx"
"canon","page","/learn/application/review","","learn","Application review","Credit Center","owner,executive,operator,staff (rentals-desk rule)","none","Client review of assembled application","","","","no","none","group loading.tsx; root error.tsx","rewrite","EXISTING/PARTIAL","","src/app/(learn)/learn/application/review/page.tsx"
"canon","page","/learn/coach","","learn","Coach","Credit Center","owner,executive,operator,staff (rentals-desk rule)","none","Coach engine guidance (client-side rules)","","","","no","none","group loading.tsx; root error.tsx","from dashboard","EXISTING/PARTIAL","","src/app/(learn)/learn/coach/page.tsx"
"canon","page","/learn/consent","","learn","Consent","Credit Center","owner,executive,operator,staff (rentals-desk rule)","none","Consent capture into cube state","","","","no","none","group loading.tsx; root error.tsx","rewrite /consent","EXISTING/PARTIAL","","src/app/(learn)/learn/consent/page.tsx"
"canon","page","/learn/dashboard","","learn","Learn dashboard","Credit Center","owner,executive,operator,staff (rentals-desk rule)","none","Readiness dashboard (cube state)","","","","no","none","group loading.tsx; root error.tsx","rewrite /dashboard","EXISTING/PARTIAL","Same cube persistence caveat","src/app/(learn)/learn/dashboard/page.tsx"
"canon","page","/learn/documents","","learn","Documents","Credit Center","owner,executive,operator,staff (rentals-desk rule)","actions/page: isStaffUser","Upload program documents (program_documents + storage, service-role)","program_documents program_audit_log program_applications","","","yes","none","group loading.tsx; root error.tsx","rewrite /documents","EXISTING/WORKING","","src/app/(learn)/learn/documents/page.tsx"
"canon","page","/learn/onboarding","","learn","Learn onboarding","Credit Center","owner,executive,operator,staff (rentals-desk rule)","none","Client onboarding step (cube state)","","","","no","none","group loading.tsx; root error.tsx","rewrite /onboarding","EXISTING/PARTIAL","Cube state = localStorage + /api/cube/application only when an application id resolves; else demo persona","src/app/(learn)/learn/onboarding/page.tsx"
"canon","page","/learn","","learn","Learn entry","Credit Center","owner,executive,operator,staff (rentals-desk rule)","none","Redirect to /learn/onboarding","","","","no","none","group loading.tsx; root error.tsx","hub ""Learn face""","EXISTING/WORKING","","src/app/(learn)/learn/page.tsx"
"canon","page","/learn/products","","learn","Products","Credit Center","owner,executive,operator,staff (rentals-desk rule)","none","Product/tier explainer (static)","","","","no","none","group loading.tsx; root error.tsx","rewrite /products","EXISTING/PARTIAL","","src/app/(learn)/learn/products/page.tsx"
"canon","page","/learn/questionnaire/business","","learn","Business questionnaire","Credit Center","owner,executive,operator,staff (rentals-desk rule)","none","Business profile form (cube state)","","","","no","none","group loading.tsx; root error.tsx; empty-state text","rewrite","EXISTING/PARTIAL","","src/app/(learn)/learn/questionnaire/business/page.tsx"
"canon","page","/learn/questionnaire/personal","","learn","Personal questionnaire","Credit Center","owner,executive,operator,staff (rentals-desk rule)","none","Personal profile form (cube state)","","","","no","none","group loading.tsx; root error.tsx; empty-state text","rewrite","EXISTING/PARTIAL","","src/app/(learn)/learn/questionnaire/personal/page.tsx"
"canon","page","/learn/status","","learn","Application status / submit","Credit Center","owner,executive,operator,staff (rentals-desk rule)","none","Status + submit","","","","no","none","group loading.tsx; root error.tsx","rewrite /status","PLACEHOLDER","Submit uses submitApplicationStub (invents AIX-STUB- ref, calls no lender)","src/app/(learn)/learn/status/page.tsx"
"canon","page","/operator/leads","","operator","Operator lead pool","CRM/Leads","owner,operator","actions/page: isStaffUser+isOperatorUser+getTierForUser","Claim/assign/cross-refer pooled leads (lead_* RPCs)","organizations profiles lead_pool lead_routes","lead_route lead_claim lead_assign lead_cross_refer","","yes","none","group loading.tsx; root error.tsx; empty-state text","link from /operator","EXISTING/WORKING","","src/app/(operator)/operator/leads/page.tsx"
"canon","page","/operator","","operator","Operator portal","Dealer/Partner","owner,operator","none","Approved instructions feed + links to leads/training","","","","no","none","group loading.tsx; root error.tsx; empty-state text","hub ""Operator""; operator home","EXISTING/WORKING","","src/app/(operator)/operator/page.tsx"
"canon","page","/operator/training","","operator","Operator training","Dealer/Partner","owner,operator","none","Academy modules (static curriculum in code) + progress table","operator_training_modules operator_training_progress v_operator_360","","","no","none","group loading.tsx; root error.tsx; empty-state text","link from /operator","EXISTING/PARTIAL","Curriculum hardcoded in src/lib/operator/academy-modules.ts","src/app/(operator)/operator/training/page.tsx"
"canon","page","/operator/training/[moduleId]","","operator","Training module","Dealer/Partner","owner,operator","none","Module content + mark complete (operator_training_progress)","operator_training_modules operator_training_progress","","","no","none","group loading.tsx; root error.tsx","from /operator/training","EXISTING/PARTIAL","Static content","src/app/(operator)/operator/training/[moduleId]/page.tsx"
"canon","page","/partner","","partner","Partner (fleet) portal","Dealer/Partner","owner,investor(investor|partner)","page: getUser + tier check","Partner fleet status via get_partner_fleet RPC","","get_partner_fleet","","no","none","no loading.tsx; root error.tsx; empty-state text","none in nav (investor tier may open)","EXISTING/WORKING","Re-enabled after an unconditional /partner->/investor redirect was removed (middleware comment)","src/app/(partner)/partner/page.tsx"
"canon","page","/pocket/academy","","pocket","Operator academy","AIXMOS/AI","any signed-in (incl. tier none)","none","Static academy list (src/lib/academy.ts)","","","","no","none","group loading.tsx; root error.tsx","pocket tiles","EXISTING/PARTIAL","Static content","src/app/(pocket)/pocket/academy/page.tsx"
"canon","page","/pocket/academy/[slug]","","pocket","Academy lesson","AIXMOS/AI","any signed-in (incl. tier none)","none","Static lesson","","","","no","none","group loading.tsx; root error.tsx","from academy","EXISTING/PARTIAL","Static content","src/app/(pocket)/pocket/academy/[slug]/page.tsx"
"canon","page","/pocket/agents","","pocket","What we run for you","AIXMOS/AI","any signed-in (incl. tier none)","actions/page: ","Org license view + pause control (organization_licenses)","organization_licenses","","","yes","none","group loading.tsx; root error.tsx","pocket tiles","EXISTING/WORKING","","src/app/(pocket)/pocket/agents/page.tsx"
"canon","page","/pocket/assistant","","pocket","Guidance coach chat","AIXMOS/AI","any signed-in (incl. tier none)","none","Chat via /api/pocket/chat (POCKET_BRAIN_URL, token-metered)","","","/api/pocket/chat","no","none","group loading.tsx; root error.tsx","pocket tiles","EXISTING/PARTIAL","Depends on POCKET_BRAIN_URL env; behaviour UNKNOWN without it","src/app/(pocket)/pocket/assistant/page.tsx"
"canon","page","/pocket/build","","pocket","Your build","AIXMOS/AI","any signed-in (incl. tier none)","actions/page: ","client_engagements + change requests","client_engagements engagement_change_requests","","","no","none","group loading.tsx; root error.tsx; empty-state text","pocket tiles","EXISTING/WORKING","","src/app/(pocket)/pocket/build/page.tsx"
"canon","page","/pocket/climb","","pocket","Climb ladder","AIXMOS/AI","any signed-in (incl. tier none)","actions/page: isOperatorUser+isOwnerUser+getTierForUser","Role-derived upgrade ladder (static)","","","","no","none","group loading.tsx; root error.tsx","pocket tiles","EXISTING/PARTIAL","","src/app/(pocket)/pocket/climb/page.tsx"
"canon","page","/pocket/compass","","pocket","Compass","AIXMOS/AI","any signed-in (incl. tier none)","none","Static guidance page","","","","no","none","group loading.tsx; root error.tsx","pocket tiles","EXISTING/PARTIAL","Static content","src/app/(pocket)/pocket/compass/page.tsx"
"canon","page","/pocket/earn","","pocket","Earn / referrals","AIXMOS/AI","any signed-in (incl. tier none)","actions/page: ","Referral code + earnings (pocket_referral_*; service-role)","pocket_referral_codes pocket_referral_earnings","","","yes","none","group loading.tsx; root error.tsx; empty-state text","pocket tiles","EXISTING/WORKING","","src/app/(pocket)/pocket/earn/page.tsx"
"canon","page","/pocket","","pocket","AIXMOS Pocket home","AIXMOS/AI","any signed-in (incl. tier none)","actions/page: isOperatorUser+getTierForUser+isStaffUser","Member hub; token balance/grant (service-role)","profiles tmmt_token_balances","tmmt_token_grant tmmt_token_spend","","yes","none","group loading.tsx; root error.tsx","/no-access link; PWA","EXISTING/WORKING","Any signed-in account incl. tier ""none""","src/app/(pocket)/pocket/page.tsx"
"canon","page","/work/admin","","program","Admin review","Credit Center","owner,executive,operator,staff (rentals-desk rule)","layout: isStaffUser","Admin review step","","","","no","none","group loading.tsx; root error.tsx","from /work/program","EXISTING/PARTIAL","","src/app/(program)/work/admin/page.tsx"
"canon","page","/work/program","","program","Program desk (Work face)","Credit Center","owner,executive,operator,staff (rentals-desk rule)","layout: isStaffUser","Staff queue for one cube application","","","","no","none","group loading.tsx; root error.tsx","hub ""Program desk""; /work rewrite","EXISTING/PARTIAL","Works on ONE application in cube context (applicationId), not a real multi-application queue","src/app/(program)/work/program/page.tsx"
"canon","page","/work/review","","program","Coach/advisor review","Credit Center","owner,executive,operator,staff (rentals-desk rule)","layout: isStaffUser","Review step on cube state","","","","no","none","group loading.tsx; root error.tsx","from /work/program","EXISTING/PARTIAL","","src/app/(program)/work/review/page.tsx"
"canon","page","/work/supervisor","","program","Supervisor approval","Credit Center","owner,executive,operator,staff (rentals-desk rule)","layout: isStaffUser","Supervisor approval step","","","","no","none","group loading.tsx; root error.tsx","from /work/program","EXISTING/PARTIAL","Role switch is client-side demo control (off in prod unless NEXT_PUBLIC_CUBE_DEMO_CONTROLS=1)","src/app/(program)/work/supervisor/page.tsx"
"canon","page","/vendor","","vendor","Vendor portal","Maintenance","owner,vendor","actions/page: isStaffUser+isVendorUser+getTierForUser","Assigned vendor jobs, status updates, photo/invoice upload","cases vendor_jobs vendors vendor_job_updates vendor_files clickup_tasks people form_submissions","submit_customer_intake","","yes","none","group loading.tsx; root error.tsx; empty-state text","vendor home","EXISTING/WORKING","","src/app/(vendor)/vendor/page.tsx"
"canon","api","/api/agent/cal/webhook/[slug]","POST","","/api/agent/cal/webhook/[slug]","Communications","public","HMAC x-cal-signature","Cal.com booking webhook per tenant -> lead state","incoming_leads organizations organization_licenses audit_events sync_events","","","yes","none","","machine/webhook","EXISTING/WORKING","","src/app/api/agent/cal/webhook/[slug]/route.ts"
"canon","api","/api/agent/health","GET","","/api/agent/health","Admin/Integrations","public","none (public)","Agent liveness","","","","no","none","","machine/webhook","EXISTING/WORKING","","src/app/api/agent/health/route.ts"
"canon","api","/api/agent/sms/inbound","POST","","/api/agent/sms/inbound","Communications","public","Twilio signature","Twilio inbound SMS -> AI agent reply (TwiML), DNC + outbound gate, token metering","incoming_leads agent_conversations agent_messages organizations organization_licenses audit_events money_meter_events money_meter_accounts tmmt_token_balances do_not_contact_numbers","money_meter_record money_meter_summary money_meter_summary_by_category","","yes","none","","machine/webhook","EXISTING/PARTIAL","Depends on per-org Twilio config (not verifiable in code)","src/app/api/agent/sms/inbound/route.ts"
"canon","api","/api/agent/stripe/webhook/[slug]","POST","","/api/agent/stripe/webhook/[slug]","Payments","public","Stripe constructEvent","Per-tenant Stripe webhook -> lead state","incoming_leads organizations organization_licenses audit_events sync_events","","","yes","none","","machine/webhook","EXISTING/PARTIAL","Per-tenant STRIPE_WEBHOOK_SECRE* env required","src/app/api/agent/stripe/webhook/[slug]/route.ts"
"canon","api","/api/agent/voice/ghl","POST/GET","","/api/agent/voice/ghl","Communications","public","x-ghl-voice-secret","GHL Voice AI custom action","organizations incoming_leads agent_conversations agent_messages audit_events","","","yes","none","","machine/webhook","EXISTING/PARTIAL","","src/app/api/agent/voice/ghl/route.ts"
"canon","api","/api/audit/events","POST","","/api/audit/events","Admin/Integrations","owner,executive,operator,staff (rentals-desk rule)","X-Audit-Key","Append-only audit ingest (NDJSON)","audit_events","","","yes","none","","machine/webhook","EXISTING/BROKEN","Not public in middleware: unauthenticated machine callers 307 -> /login","src/app/api/audit/events/route.ts"
"canon","api","/api/auth/callback","GET","","/api/auth/callback","Auth","public","code exchange","PKCE callback","","","","no","none","","machine/webhook","EXISTING/WORKING","","src/app/api/auth/callback/route.ts"
"canon","api","/api/cron/journey-recompute","GET/POST","","/api/cron/journey-recompute","Customer Portal","owner,executive,operator,staff (rentals-desk rule)","CRON_SECRET","Nightly recompute_journey","profiles client_alerts journey_checkpoint_events client_journey credit_billing_plans credit_education_sections credit_education_acknowledgments training_modules training_module_progress lto_agreements operator_profiles journey_checkpoints","recompute_journey","","yes","none","","machine/webhook","EXISTING/BROKEN","Vercel cron path, but middleware 307s signed-out calls to /login (pinned by middleware.test.ts:237) - handler unreachable for cron","src/app/api/cron/journey-recompute/route.ts"
"canon","api","/api/cron/marketing-kpi-ghl","GET/POST","","/api/cron/marketing-kpi-ghl","Analytics","owner,executive,operator,staff (rentals-desk rule)","CRON_SECRET","Weekly GHL marketing KPI rollup","ghl_contacts ghl_appointments ghl_form_submissions credit_billing_plans marketing_kpi_weeks","","","yes","none","","machine/webhook","EXISTING/BROKEN","Same middleware 307 problem as above","src/app/api/cron/marketing-kpi-ghl/route.ts"
"canon","api","/api/cube/application","GET/PUT","","/api/cube/application","Credit Center","owner,executive,operator,staff (rentals-desk rule)","session + authorizeApplicationAccess (service-role)","Read/write one program application","program_audit_log program_applications ghl_webhook_events","","","yes","none","","machine/webhook","EXISTING/WORKING","","src/app/api/cube/application/route.ts"
"canon","api","/api/forms/submit","POST","","/api/forms/submit","Intake/Forms","public","public + durable rate limit","Generic form submit -> unified intake","customer_services customer_intake_forms cases sync_events activity_logs people form_submissions","rate_limit_hit","","yes","durable","","machine/webhook","EXISTING/WORKING","","src/app/api/forms/submit/route.ts"
"canon","api","/api/health","GET","","/api/health","Admin/Integrations","public","public","Liveness + degraded components","","","","no","none","","machine/webhook","EXISTING/WORKING","","src/app/api/health/route.ts"
"canon","api","/api/leads/webhook","POST","","/api/leads/webhook","CRM/Leads","public","public + durable rate limit","Landing-page lead capture -> incoming_leads + routing","incoming_leads organizations organization_licenses audit_events lead_routes","rate_limit_hit lead_route lead_claim lead_assign lead_cross_refer","","yes","durable","","machine/webhook","EXISTING/WORKING","","src/app/api/leads/webhook/route.ts"
"canon","api","/api/license/heartbeat","POST","","/api/license/heartbeat","Admin/Integrations","owner,executive,operator,staff (rentals-desk rule)","org id + hardware uuid only","Flash-drive license heartbeat / kill","organization_licenses audit_events","","","yes","none","","machine/webhook","EXISTING/BROKEN","Not public in middleware (307 -> /login); if made public it has no secret","src/app/api/license/heartbeat/route.ts"
"canon","api","/api/license/provision","POST","","/api/license/provision","Admin/Integrations","owner,executive,operator,staff (rentals-desk rule)","HMAC install token","One-time install handshake","organization_licenses audit_events","","","yes","none","","machine/webhook","EXISTING/BROKEN","Not public in middleware (307 -> /login)","src/app/api/license/provision/route.ts"
"canon","api","/api/license/revoke","POST","","/api/license/revoke","Admin/Integrations","owner,executive,operator,staff (rentals-desk rule)","X-Admin-Key","Soft/hard kill license","organization_licenses audit_events","","","yes","none","","machine/webhook","EXISTING/BROKEN","Not public in middleware (307 -> /login)","src/app/api/license/revoke/route.ts"
"canon","api","/api/mission/generate","GET/POST","","/api/mission/generate","AIXMOS/AI","owner,executive,operator,staff (rentals-desk rule)","CRON_SECRET / x-mission-secret","Daily mission generation","profiles","","","no","none","","machine/webhook","EXISTING/BROKEN","Not public in middleware (307 -> /login)","src/app/api/mission/generate/route.ts"
"canon","api","/api/offline/merge","POST","","/api/offline/merge","Admin/Integrations","any signed-in (incl. tier none)","session","Merge offline edits (contracts)","contracts","acting_org_id","","no","none","","machine/webhook","EXISTING/WORKING","","src/app/api/offline/merge/route.ts"
"canon","api","/api/ops/command","POST","","/api/ops/command","AIXMOS/AI","owner,executive,operator,staff (rentals-desk rule)","Bearer secret","Remote ""TMMT ops <nl>"" command intake","crm_sync_records cases vendor_jobs activity_logs rental_ledger vendors profiles","","","yes","none","","machine/webhook","EXISTING/BROKEN","Not public in middleware (307 -> /login, pinned by middleware.test.ts:238)","src/app/api/ops/command/route.ts"
"canon","api","/api/pocket/chat","POST","","/api/pocket/chat","AIXMOS/AI","any signed-in (incl. tier none)","session + durable rate limit","Pocket coach chat, token metered","profiles tmmt_token_balances money_meter_events money_meter_accounts","tmmt_token_grant tmmt_token_spend rate_limit_hit money_meter_record money_meter_summary money_meter_summary_by_category","","yes","durable","","machine/webhook","EXISTING/PARTIAL","Needs POCKET_BRAIN_URL","src/app/api/pocket/chat/route.ts"
"canon","api","/api/rental/quote","POST","","/api/rental/quote","Rentals/Bookings","owner,executive,operator,staff (rentals-desk rule)","session + isStaffUser","Staff read-only rental quote","rental_pricing_rules rental_insurance_products","","","no","none","","machine/webhook","EXISTING/WORKING","","src/app/api/rental/quote/route.ts"
"canon","api","/api/webhooks/airtable/locations","POST","","/api/webhooks/airtable/locations","Admin/Integrations","public","X-Sync-Secret","Airtable -> ops_locations","ops_locations","","","yes","none","","machine/webhook","LEGACY","Airtable is being retired (no replay guard by decision)","src/app/api/webhooks/airtable/locations/route.ts"
"canon","api","/api/webhooks/airtable","POST","","/api/webhooks/airtable","Admin/Integrations","public","x-sync-secret + replay","Airtable verified-lead promotion + ops locations","sync_events crm_sync_records cases client_alerts ops_locations audit_events","","","yes","none","","machine/webhook","LEGACY","Airtable is being retired","src/app/api/webhooks/airtable/route.ts"
"canon","api","/api/webhooks/ghl/appointment","POST","","/api/webhooks/ghl/appointment","Admin/Integrations","public","verifyGhlWebhook (shared handler)","GHL appointment -> ghl_appointments","ghl_webhook_events","","","yes","none","","machine/webhook","EXISTING/WORKING","","src/app/api/webhooks/ghl/appointment/route.ts"
"canon","api","/api/webhooks/ghl/contact","POST","","/api/webhooks/ghl/contact","Admin/Integrations","public","verifyGhlWebhook (shared handler)","GHL contact -> ghl_contacts","ghl_webhook_events","","","yes","none","","machine/webhook","EXISTING/WORKING","","src/app/api/webhooks/ghl/contact/route.ts"
"canon","api","/api/webhooks/ghl/form","POST","","/api/webhooks/ghl/form","Admin/Integrations","public","verifyGhlWebhook (shared handler)","GHL form -> ghl_form_submissions (+case)","ghl_webhook_events","","","yes","none","","machine/webhook","EXISTING/WORKING","","src/app/api/webhooks/ghl/form/route.ts"
"canon","api","/api/webhooks/ghl/overdue","POST","","/api/webhooks/ghl/overdue","Payments","public","x-ghl-secret","Overdue signal -> GHL tag (outbound gate + DNC)","sync_events do_not_contact_numbers incoming_leads ghl_webhook_events","","","yes","none","","machine/webhook","EXISTING/WORKING","","src/app/api/webhooks/ghl/overdue/route.ts"
"canon","api","/api/webhooks/ghl/program","POST","","/api/webhooks/ghl/program","Credit Center","public","verifyGhlWebhook","GHL workflow -> program_applications + Learn deep link","program_audit_log program_applications ghl_webhook_events","","","yes","none","","machine/webhook","EXISTING/WORKING","","src/app/api/webhooks/ghl/program/route.ts"
"canon","api","/api/webhooks/ghl","POST","","/api/webhooks/ghl","Admin/Integrations","public","HMAC / shared secret + replay","Merged GHL CRM sync + payment/token events","active_customers incoming_leads customer_payments profiles tmmt_token_balances pocket_referral_codes pocket_referral_earnings cases clickup_tasks ghl_appointments ghl_contacts ghl_form_submissions sync_events crm_sync_records ghl_webhook_events","tmmt_token_grant tmmt_token_spend","","yes","none","","machine/webhook","EXISTING/WORKING","","src/app/api/webhooks/ghl/route.ts"
"canon","page","/build","","","Done-for-you builds","Marketing/Public","public","none","Build offer page","","","","no","none","no loading.tsx; root error.tsx","public","EXISTING/PARTIAL","","src/app/build/page.tsx"
"canon","page","/build/reserved","","","Build reserved","Marketing/Public","public","none","Reservation confirmation","","","","no","none","no loading.tsx; root error.tsx","public","EXISTING/PARTIAL","","src/app/build/reserved/page.tsx"
"canon","page","/clock","","","Time clock","Admin/Integrations","any signed-in (incl. tier none)","none","Clock in/out (time_clock_entries)","time_clock_entries","","","no","none","no loading.tsx; root error.tsx","Sidebar > Team","EXISTING/WORKING","","src/app/clock/page.tsx"
"canon","page","/configurator","","","System configurator","Marketing/Public","public","none","Client-side configurator (ConfiguratorView)","","","","no","none","no loading.tsx; root error.tsx","public","EXISTING/PARTIAL","","src/app/configurator/page.tsx"
"canon","page","/dealers","","","Dealer pitch","Marketing/Public","public","none","Dealer lead-intake pitch page","","","","no","none","no loading.tsx; root error.tsx","public","EXISTING/WORKING","","src/app/dealers/page.tsx"
"canon","api","/explainer","GET","","Explainer HTML","Marketing/Public","public","","Serves public/explainer.html","","","","no","none","","public","EXISTING/WORKING","","src/app/explainer/route.ts"
"canon","page","/forms/academy-join","","","Academy join","Intake/Forms","public","none","ProgramIntakeForm","customer_services","","","no","middleware in-memory (POST /forms*)","no loading.tsx; root error.tsx","public","EXISTING/WORKING","","src/app/forms/academy-join/page.tsx"
"canon","page","/forms/affiliates","","","Affiliate apply","Intake/Forms","public","none","Link-out to affiliate application URL","","","","no","middleware in-memory (POST /forms*)","no loading.tsx; root error.tsx","public","EXISTING/PARTIAL","External form; fallback URL (was tally REPLACE_ME)","src/app/forms/affiliates/page.tsx"
"canon","page","/forms/apply","","","CHUMMO intake","Intake/Forms","public","none","ProgramIntakeForm -> customer_services","customer_services","","","no","middleware in-memory (POST /forms*)","no loading.tsx; root error.tsx","public","EXISTING/WORKING","","src/app/forms/apply/page.tsx"
"canon","page","/forms/appointment","","","Schedule appointment","Intake/Forms","public","none","processUnifiedIntake -> people/cases/form_submissions","customer_services customer_intake_forms cases sync_events activity_logs people form_submissions","","","yes","middleware in-memory (POST /forms*)","no loading.tsx; root error.tsx","public","EXISTING/WORKING","","src/app/forms/appointment/page.tsx"
"canon","page","/forms/background-check","","","Background check form","Intake/Forms","public","none","Unified intake","customer_services customer_intake_forms cases sync_events activity_logs people form_submissions","","","yes","middleware in-memory (POST /forms*)","no loading.tsx; root error.tsx","public","EXISTING/WORKING","","src/app/forms/background-check/page.tsx"
"canon","page","/forms/credit-funding-intake","","","Funding readiness profile","Intake/Forms","public","none","Credit/funding intake (target of /credit + /funding rewrites)","customer_services customer_intake_forms cases sync_events activity_logs people form_submissions","","","yes","middleware in-memory (POST /forms*)","no loading.tsx; root error.tsx; empty-state text","public","EXISTING/WORKING","","src/app/forms/credit-funding-intake/page.tsx"
"canon","page","/forms/customer-intake","","","Customer intake","Intake/Forms","public","actions/page: isStaffUser+isVendorUser+getTierForUser","submit_customer_intake RPC -> case","cases vendor_jobs vendors vendor_job_updates vendor_files clickup_tasks people form_submissions","submit_customer_intake","","yes","middleware in-memory (POST /forms*)","no loading.tsx; root error.tsx","public","EXISTING/WORKING","","src/app/forms/customer-intake/page.tsx"
"canon","page","/forms/dealer-apply","","","Dealer application","Dealer/Partner","public","none","Unified intake (dealer)","customer_services customer_intake_forms cases sync_events activity_logs people form_submissions","","","yes","middleware in-memory (POST /forms*)","no loading.tsx; root error.tsx","public; /dealers, /kits","EXISTING/WORKING","","src/app/forms/dealer-apply/page.tsx"
"canon","page","/forms/handover","","","Vehicle handover","Intake/Forms","public","none","Unified intake","customer_services customer_intake_forms cases sync_events activity_logs people form_submissions","","","yes","middleware in-memory (POST /forms*)","no loading.tsx; root error.tsx; empty-state text","public","EXISTING/WORKING","","src/app/forms/handover/page.tsx"
"canon","page","/forms/inspection","","","Vehicle inspection","Intake/Forms","public","none","Unified intake","customer_services customer_intake_forms cases sync_events activity_logs people form_submissions","","","yes","middleware in-memory (POST /forms*)","no loading.tsx; root error.tsx","public","EXISTING/WORKING","","src/app/forms/inspection/page.tsx"
"canon","page","/forms/lead-intake","","","Lead intake","Intake/Forms","public","actions/page: getTierForUser+isStaffUser+is_platform_admin","Unified intake","customer_services customer_intake_forms cases sync_events activity_logs people form_submissions","","","yes","middleware in-memory (POST /forms*)","no loading.tsx; root error.tsx","public","EXISTING/WORKING","","src/app/forms/lead-intake/page.tsx"
"canon","page","/forms/license-upload","","","Licence upload","Intake/Forms","public","none","Token-scoped licence upload (service-role)","background_checks active_customers","","","yes","middleware in-memory (POST /forms*)","no loading.tsx; root error.tsx","staff-minted link","EXISTING/WORKING","","src/app/forms/license-upload/page.tsx"
"canon","page","/forms/onboarding-inspection","","","Onboarding inspection","Intake/Forms","public","none","Unified intake","customer_services customer_intake_forms cases sync_events activity_logs people form_submissions","","","yes","middleware in-memory (POST /forms*)","no loading.tsx; root error.tsx","public","EXISTING/WORKING","","src/app/forms/onboarding-inspection/page.tsx"
"canon","page","/forms/operator-apply","","","Operator application","Dealer/Partner","public","none","ProgramIntakeForm (operator)","customer_services","","","no","middleware in-memory (POST /forms*)","no loading.tsx; root error.tsx","public","EXISTING/WORKING","","src/app/forms/operator-apply/page.tsx"
"canon","page","/forms","","","Forms index","Intake/Forms","public","none","List of public forms","","","","no","middleware in-memory (POST /forms*)","no loading.tsx; root error.tsx","public","EXISTING/WORKING","","src/app/forms/page.tsx"
"canon","page","/forms/partner-apply","","","Car-owner partner application","Dealer/Partner","public","none","Supply-side intake","customer_services customer_intake_forms cases sync_events activity_logs people form_submissions","","","yes","middleware in-memory (POST /forms*)","no loading.tsx; root error.tsx","public","EXISTING/WORKING","","src/app/forms/partner-apply/page.tsx"
"canon","page","/forms/sovereign","","","Sovereign intake","Intake/Forms","public","none","ProgramIntakeForm","customer_services","","","no","middleware in-memory (POST /forms*)","no loading.tsx; root error.tsx","public","EXISTING/WORKING","","src/app/forms/sovereign/page.tsx"
"canon","page","/forms/ticket","","","Report an issue","Intake/Forms","public","none","Unified intake -> ticket/case","customer_services customer_intake_forms cases sync_events activity_logs people form_submissions","","","yes","middleware in-memory (POST /forms*)","no loading.tsx; root error.tsx","public","EXISTING/WORKING","","src/app/forms/ticket/page.tsx"
"canon","page","/forms/waitlist","","","Join waitlist","Intake/Forms","public","none","Unified intake","customer_services customer_intake_forms cases sync_events activity_logs people form_submissions","","","yes","middleware in-memory (POST /forms*)","no loading.tsx; root error.tsx","public","EXISTING/WORKING","","src/app/forms/waitlist/page.tsx"
"canon","page","/forms/[slug]","","","Business-line intake","Intake/Forms","public","none","Registry-driven intake per business line -> customer_services","customer_services","","","no","middleware in-memory (POST /forms*)","no loading.tsx; root error.tsx","public","EXISTING/WORKING","","src/app/forms/[slug]/page.tsx"
"canon","page","/intake","","","Submit a request","Intake/Forms","owner,executive,operator,staff (rentals-desk rule)","none","Business-line picker (ported TMMT OS)","","","","no","none","no loading.tsx; root error.tsx","links from ""/"" and /trust","EXISTING/BROKEN","NOT public in middleware: signed-out visitors 307 -> /login (isPublicPath lacks /intake)","src/app/intake/page.tsx"
"canon","page","/intake/thanks","","","Intake thanks","Intake/Forms","owner,executive,operator,staff (rentals-desk rule)","none","Confirmation","","","","no","none","no loading.tsx; root error.tsx","after submit","EXISTING/BROKEN","Same: signed-out -> /login","src/app/intake/thanks/page.tsx"
"canon","page","/intake/[business]","","","Business intake","Intake/Forms","owner,executive,operator,staff (rentals-desk rule)","none","Intake form -> submitIntakeAction (service-role, durable RL)","","","","yes","durable","no loading.tsx; root error.tsx","from /intake","EXISTING/BROKEN","Same: signed-out -> /login","src/app/intake/[business]/page.tsx"
"canon","page","/join","","","Join","Marketing/Public","public","none","Ad/QR landing","","","","no","none","no loading.tsx; root error.tsx","public","EXISTING/WORKING","","src/app/join/page.tsx"
"canon","page","/kits","","","AIXMOS dealer kits","Marketing/Public","public","none","Kit catalogue / checkout links","","","","no","none","no loading.tsx; root error.tsx","public","EXISTING/PARTIAL","Checkout depends on configured links (kit-checkout)","src/app/kits/page.tsx"
"canon","page","/legal/credit","","","Credit disclosure","Marketing/Public","public","none","Static disclosure","","","","no","none","no loading.tsx; root error.tsx","legal nav","EXISTING/WORKING","","src/app/legal/credit/page.tsx"
"canon","page","/legal/funding","","","Funding disclosure","Marketing/Public","public","none","Static disclosure","","","","no","none","no loading.tsx; root error.tsx","legal nav","EXISTING/WORKING","","src/app/legal/funding/page.tsx"
"canon","page","/legal","","","Legal index","Marketing/Public","public","none","Disclosures index","","","","no","none","no loading.tsx; root error.tsx","public","EXISTING/WORKING","","src/app/legal/page.tsx"
"canon","page","/legal/privacy","","","Privacy","Marketing/Public","public","none","Static disclosure","","","","no","none","no loading.tsx; root error.tsx","legal nav","EXISTING/WORKING","","src/app/legal/privacy/page.tsx"
"canon","page","/legal/rental","","","Rental disclosure","Marketing/Public","public","none","Static disclosure","","","","no","none","no loading.tsx; root error.tsx","legal nav","EXISTING/WORKING","","src/app/legal/rental/page.tsx"
"canon","page","/legal/sms","","","SMS terms","Marketing/Public","public","none","Static disclosure","","","","no","none","no loading.tsx; root error.tsx","legal nav","EXISTING/WORKING","","src/app/legal/sms/page.tsx"
"canon","page","/lp/aixmos","","","AIXMOS landing","Marketing/Public","public","none","AIXMOS front door","","","","no","none","no loading.tsx; root error.tsx","public","EXISTING/WORKING","","src/app/lp/aixmos/page.tsx"
"canon","page","/lp/[org]/[sku]","","","SKU landing template","Marketing/Public","public","none","Phone-only form -> /api/leads/webhook","","","/api/leads/webhook","no","none","no loading.tsx; root error.tsx","public (ads)","EXISTING/WORKING","","src/app/lp/[org]/[sku]/page.tsx"
"canon","page","/offline","","","Offline","Marketing/Public","public","none","PWA offline fallback","","","","no","none","no loading.tsx; root error.tsx","PWA","EXISTING/WORKING","","src/app/offline/page.tsx"
"canon","page","/","","","Front door (signed-in)","Marketing/Public","signed-out: rewrite->/welcome; signed-in: owner,executive,operator,staff (owner-hub host -> /command)","none","Tailor-config portal cards + business lines; signed-out ""/"" is rewritten to /welcome","","","","no","none","no loading.tsx; root error.tsx","Sidebar + hub ""Dashboard"" links land here","EXISTING/PARTIAL","Staff clicking ""Dashboard"" leave the desk for this marketing page","src/app/page.tsx"
"canon","page","/partners/all-in-one","","","Partner referral opt-in","Marketing/Public","public","none","Consent form -> incoming_leads, then link-out to partner","incoming_leads","","","no","none","no loading.tsx; root error.tsx","public","EXISTING/WORKING","","src/app/partners/all-in-one/page.tsx"
"canon","page","/status/[token]","","","Renter status (customer)","Customer Portal","owner,executive,operator,staff (rentals-desk rule)","none","Token-resolved BG status, journey ladder, financing readiness, opt-in (service-role)","background_checks client_journey financing_applications credit_education_sections credit_education_acknowledgments","client_bg_status","","yes","none","no loading.tsx; root error.tsx; empty-state text","staff-minted link","EXISTING/BROKEN","NOT public in middleware: a signed-out renter following the link is sent to /login; a customer-role account (tier none) is sent to /no-access","src/app/status/[token]/page.tsx"
"canon","page","/trust","","","Trust page","Marketing/Public","public","none","Public data-handling promises","","","","no","none","no loading.tsx; root error.tsx","public","EXISTING/WORKING","Links to /intake which is login-walled","src/app/trust/page.tsx"
"canon","page","/try","","","Genie demo","Marketing/Public","public","none","Client-side scripted AIXMOS demo (no backend)","","","","no","none","no loading.tsx; root error.tsx; empty-state text","public","PLACEHOLDER","Sandboxed scripted demo by design","src/app/try/page.tsx"
"canon","page","/upgrade","","","TMMT -> AIXMOS ladder","Marketing/Public","public","none","GHL upsell buttons (utm tagged)","","","","no","none","no loading.tsx; root error.tsx","hub (TMMT-own)","EXISTING/WORKING","External GHL links","src/app/upgrade/page.tsx"
"canon","page","/welcome","","","Rental front door","Marketing/Public","public","none","Public rental landing; reads vehicles","vehicles","","","no","none","no loading.tsx; root error.tsx; empty-state text","signed-out ""/"" rewrite","EXISTING/WORKING","","src/app/welcome/page.tsx"
"canon","page","/whoami","","","Who am I","Auth","owner,executive,operator,staff (rentals-desk rule)","page: getUser + tier check","Read-only diagnostic of JWT role -> tier","","","","no","none","no loading.tsx; root error.tsx; empty-state text","none","ORPHANED","Unlinked; also denied to tier ""none"" (desk-path rule) - the accounts it was built to diagnose cannot open it","src/app/whoami/page.tsx"
"apps/engine","page","/admin","","","Engine /admin","Credit Center","public (engine middleware passes everything)","none","Standalone AIXMOS Learn/Work face (port 3001), no auth middleware","","","","no","none","no loading.tsx; root error.tsx","external link when NEXT_PUBLIC_CUBE_SAME_ORIGIN=false","LEGACY","Near-duplicate of canon /learn/* pages; served only when cube runs cross-origin","apps/engine/src/app/admin/page.tsx"
"apps/engine","page","/application/review","","","Engine /application/review","Credit Center","public (engine middleware passes everything)","none","Standalone AIXMOS Learn/Work face (port 3001), no auth middleware","","","","no","none","no loading.tsx; root error.tsx","external link when NEXT_PUBLIC_CUBE_SAME_ORIGIN=false","LEGACY","Near-duplicate of canon /learn/* pages; served only when cube runs cross-origin","apps/engine/src/app/application/review/page.tsx"
"apps/engine","page","/coach","","","Engine /coach","Credit Center","public (engine middleware passes everything)","none","Standalone AIXMOS Learn/Work face (port 3001), no auth middleware","","","","no","none","no loading.tsx; root error.tsx","external link when NEXT_PUBLIC_CUBE_SAME_ORIGIN=false","LEGACY","Near-duplicate of canon /learn/* pages; served only when cube runs cross-origin","apps/engine/src/app/coach/page.tsx"
"apps/engine","page","/consent","","","Engine /consent","Credit Center","public (engine middleware passes everything)","none","Standalone AIXMOS Learn/Work face (port 3001), no auth middleware","","","","no","none","no loading.tsx; root error.tsx","external link when NEXT_PUBLIC_CUBE_SAME_ORIGIN=false","LEGACY","Near-duplicate of canon /learn/* pages; served only when cube runs cross-origin","apps/engine/src/app/consent/page.tsx"
"apps/engine","page","/dashboard","","","Engine /dashboard","Credit Center","public (engine middleware passes everything)","none","Standalone AIXMOS Learn/Work face (port 3001), no auth middleware","","","","no","none","no loading.tsx; root error.tsx","external link when NEXT_PUBLIC_CUBE_SAME_ORIGIN=false","LEGACY","Near-duplicate of canon /learn/* pages; served only when cube runs cross-origin","apps/engine/src/app/dashboard/page.tsx"
"apps/engine","page","/documents","","","Engine /documents","Credit Center","public (engine middleware passes everything)","none","Standalone AIXMOS Learn/Work face (port 3001), no auth middleware","","","","no","none","no loading.tsx; root error.tsx","external link when NEXT_PUBLIC_CUBE_SAME_ORIGIN=false","LEGACY","Near-duplicate of canon /learn/* pages; served only when cube runs cross-origin","apps/engine/src/app/documents/page.tsx"
"apps/engine","page","/onboarding","","","Engine /onboarding","Credit Center","public (engine middleware passes everything)","none","Standalone AIXMOS Learn/Work face (port 3001), no auth middleware","","","","no","none","no loading.tsx; root error.tsx","external link when NEXT_PUBLIC_CUBE_SAME_ORIGIN=false","LEGACY","Near-duplicate of canon /learn/* pages; served only when cube runs cross-origin","apps/engine/src/app/onboarding/page.tsx"
"apps/engine","page","/","","","Engine /","Credit Center","public (engine middleware passes everything)","none","Standalone AIXMOS Learn/Work face (port 3001), no auth middleware","","","","no","none","no loading.tsx; root error.tsx","external link when NEXT_PUBLIC_CUBE_SAME_ORIGIN=false","LEGACY","Near-duplicate of canon /learn/* pages; served only when cube runs cross-origin","apps/engine/src/app/page.tsx"
"apps/engine","page","/products","","","Engine /products","Credit Center","public (engine middleware passes everything)","none","Standalone AIXMOS Learn/Work face (port 3001), no auth middleware","","","","no","none","no loading.tsx; root error.tsx","external link when NEXT_PUBLIC_CUBE_SAME_ORIGIN=false","LEGACY","Near-duplicate of canon /learn/* pages; served only when cube runs cross-origin","apps/engine/src/app/products/page.tsx"
"apps/engine","page","/questionnaire/business","","","Engine /questionnaire/business","Credit Center","public (engine middleware passes everything)","none","Standalone AIXMOS Learn/Work face (port 3001), no auth middleware","","","","no","none","no loading.tsx; root error.tsx; empty-state text","external link when NEXT_PUBLIC_CUBE_SAME_ORIGIN=false","LEGACY","Near-duplicate of canon /learn/* pages; served only when cube runs cross-origin","apps/engine/src/app/questionnaire/business/page.tsx"
"apps/engine","page","/questionnaire/personal","","","Engine /questionnaire/personal","Credit Center","public (engine middleware passes everything)","none","Standalone AIXMOS Learn/Work face (port 3001), no auth middleware","","","","no","none","no loading.tsx; root error.tsx; empty-state text","external link when NEXT_PUBLIC_CUBE_SAME_ORIGIN=false","LEGACY","Near-duplicate of canon /learn/* pages; served only when cube runs cross-origin","apps/engine/src/app/questionnaire/personal/page.tsx"
"apps/engine","page","/status","","","Engine /status","Credit Center","public (engine middleware passes everything)","none","Standalone AIXMOS Learn/Work face (port 3001), no auth middleware","","","","no","none","no loading.tsx; root error.tsx","external link when NEXT_PUBLIC_CUBE_SAME_ORIGIN=false","LEGACY","Near-duplicate of canon /learn/* pages; served only when cube runs cross-origin","apps/engine/src/app/status/page.tsx"
"apps/engine","page","/supervisor","","","Engine /supervisor","Credit Center","public (engine middleware passes everything)","none","Standalone AIXMOS Learn/Work face (port 3001), no auth middleware","","","","no","none","no loading.tsx; root error.tsx","external link when NEXT_PUBLIC_CUBE_SAME_ORIGIN=false","LEGACY","Near-duplicate of canon /learn/* pages; served only when cube runs cross-origin","apps/engine/src/app/supervisor/page.tsx"
"aria","api","/api/avatar/portrait","GET","","Aria /api/avatar/portrait","AIXMOS/AI","public (no middleware)","none","Avatar/voice/chat API for Aria (local Ollama at 127.0.0.1:11434)","","","","no","none","","none (separate app, port 4200)","ORPHANED","Separate Next app not deployed with tmmt-ops; depends on local Ollama","aria/app/api/avatar/portrait/route.ts"
"aria","api","/api/avatar","POST","","Aria /api/avatar","AIXMOS/AI","public (no middleware)","none","Avatar/voice/chat API for Aria (local Ollama at 127.0.0.1:11434)","","","","no","none","","none (separate app, port 4200)","ORPHANED","Separate Next app not deployed with tmmt-ops; depends on local Ollama","aria/app/api/avatar/route.ts"
"aria","api","/api/chat","POST","","Aria /api/chat","AIXMOS/AI","public (no middleware)","none","Avatar/voice/chat API for Aria (local Ollama at 127.0.0.1:11434)","","","${OLLAMA}/api/chat","no","none","","none (separate app, port 4200)","ORPHANED","Separate Next app not deployed with tmmt-ops; depends on local Ollama","aria/app/api/chat/route.ts"
"aria","api","/api/voice","POST","","Aria /api/voice","AIXMOS/AI","public (no middleware)","none","Avatar/voice/chat API for Aria (local Ollama at 127.0.0.1:11434)","","","","no","none","","none (separate app, port 4200)","ORPHANED","Separate Next app not deployed with tmmt-ops; depends on local Ollama","aria/app/api/voice/route.ts"
"aria","page","/","","","Aria /","AIXMOS/AI","public (no middleware)","none","Aria avatar chat UI","","","/api/avatar/portrait /api/chat /api/avatar","no","none","no loading.tsx; root error.tsx","none (separate app, port 4200)","ORPHANED","Separate Next app not deployed with tmmt-ops; depends on local Ollama","aria/app/page.tsx"
